track_uri,track_name,artist_name,artist_pop,artist_genres,album,track_pop,danceability,energy,key,loudness,mode,speechiness,acousticness,instrumentalness,liveness,valence,tempo,type,id,uri,track_href,analysis_url,time_signature,like
spotify:track:47IWLfIKOKhFnz1FUEUIkE,A Boy Brushed Red Living In Black And White,Underoath,55,"['christian metal', 'christian metalcore', 'melodic metalcore', 'metalcore', 'pop punk', 'post-hardcore', 'screamo', 'tampa indie']",They're Only Chasing Safety,61,0.419,0.932,1,-3.604,0,0.106,0.00171,0,0.137,0.445,169.881,audio_features,47IWLfIKOKhFnz1FUEUIkE,spotify:track:47IWLfIKOKhFnz1FUEUIkE,https://api.spotify.com/v1/tracks/47IWLfIKOKhFnz1FUEUIkE,https://api.spotify.com/v1/audio-analysis/47IWLfIKOKhFnz1FUEUIkE,4,1
spotify:track:313yF0VXTCmFFoYEJF7nBQ,Writing On The Walls,Underoath,55,"['christian metal', 'christian metalcore', 'melodic metalcore', 'metalcore', 'pop punk', 'post-hardcore', 'screamo', 'tampa indie']",Define The Great Line,58,0.358,0.959,2,-3.139,0,0.0874,0.00364,0.000237,0.356,0.171,91.938,audio_features,313yF0VXTCmFFoYEJF7nBQ,spotify:track:313yF0VXTCmFFoYEJF7nBQ,https://api.spotify.com/v1/tracks/313yF0VXTCmFFoYEJF7nBQ,https://api.spotify.com/v1/audio-analysis/313yF0VXTCmFFoYEJF7nBQ,4,1
spotify:track:6MdAoknD4tWcqYm7J0SQGh,It's Dangerous Business Walking Out Your Front Door,Underoath,55,"['christian metal', 'christian metalcore', 'melodic metalcore', 'metalcore', 'pop punk', 'post-hardcore', 'screamo', 'tampa indie']",They're Only Chasing Safety,51,0.402,0.956,9,-3.672,0,0.309,0.00701,0.000277,0.144,0.125,134.85,audio_features,6MdAoknD4tWcqYm7J0SQGh,spotify:track:6MdAoknD4tWcqYm7J0SQGh,https://api.spotify.com/v1/tracks/6MdAoknD4tWcqYm7J0SQGh,https://api.spotify.com/v1/audio-analysis/6MdAoknD4tWcqYm7J0SQGh,4,1
spotify:track:7hZ1JuwJm4hZsS8IHnKDt3,Note to Self,From First To Last,44,"['metalcore', 'pop punk', 'post-hardcore', 'screamo']","Dear Diary, My Teen Angst Has A Body Count",50,0.21,0.937,4,-4.596,0,0.18,0.000415,0,0.143,0.311,172.323,audio_features,7hZ1JuwJm4hZsS8IHnKDt3,spotify:track:7hZ1JuwJm4hZsS8IHnKDt3,https://api.spotify.com/v1/tracks/7hZ1JuwJm4hZsS8IHnKDt3,https://api.spotify.com/v1/audio-analysis/7hZ1JuwJm4hZsS8IHnKDt3,3,1
spotify:track:25ZrGWzFc0Trv3024g9BSg,Lost In Mind,Ben Böhmer,63,['tropical house'],Breathing,51,0.689,0.705,10,-12.4,0,0.0452,0.186,0.712,0.0864,0.258,123.999,audio_features,25ZrGWzFc0Trv3024g9BSg,spotify:track:25ZrGWzFc0Trv3024g9BSg,https://api.spotify.com/v1/tracks/25ZrGWzFc0Trv3024g9BSg,https://api.spotify.com/v1/audio-analysis/25ZrGWzFc0Trv3024g9BSg,4,1
spotify:track:4uFqacokT9SUwO70KACgeC,Who I Once Was,Kingdom Of Giants,44,"['melodic metalcore', 'metalcore', 'post-post-hardcore', 'post-screamo', 'screamo']",Abominable,19,0.462,0.976,8,-5.732,1,0.154,0.000868,2.82e-05,0.128,0.0382,149.979,audio_features,4uFqacokT9SUwO70KACgeC,spotify:track:4uFqacokT9SUwO70KACgeC,https://api.spotify.com/v1/tracks/4uFqacokT9SUwO70KACgeC,https://api.spotify.com/v1/audio-analysis/4uFqacokT9SUwO70KACgeC,3,1
spotify:track:6HHT4yYQbuq2EIvngdIPqT,A Test Of My Survival,Kingdom Of Giants,44,"['melodic metalcore', 'metalcore', 'post-post-hardcore', 'post-screamo', 'screamo']",Abominable,21,0.282,0.979,0,-4.251,1,0.173,0.00025,0,0.369,0.225,142.792,audio_features,6HHT4yYQbuq2EIvngdIPqT,spotify:track:6HHT4yYQbuq2EIvngdIPqT,https://api.spotify.com/v1/tracks/6HHT4yYQbuq2EIvngdIPqT,https://api.spotify.com/v1/audio-analysis/6HHT4yYQbuq2EIvngdIPqT,4,1
spotify:track:5ae7DTFNi6aWWJSCNuxzcr,Watch Me,Kingdom Of Giants,44,"['melodic metalcore', 'metalcore', 'post-post-hardcore', 'post-screamo', 'screamo']",Abominable,21,0.184,0.957,7,-4.254,1,0.125,0.000143,0,0.34,0.19,179.968,audio_features,5ae7DTFNi6aWWJSCNuxzcr,spotify:track:5ae7DTFNi6aWWJSCNuxzcr,https://api.spotify.com/v1/tracks/5ae7DTFNi6aWWJSCNuxzcr,https://api.spotify.com/v1/audio-analysis/5ae7DTFNi6aWWJSCNuxzcr,4,1
spotify:track:0o6M3zre82Mcbu1D8CQp4p,Onslaught,Kingdom Of Giants,44,"['melodic metalcore', 'metalcore', 'post-post-hardcore', 'post-screamo', 'screamo']",Abominable,15,0.458,0.972,0,-4.109,1,0.14,0.000351,0,0.442,0.167,149.86,audio_features,0o6M3zre82Mcbu1D8CQp4p,spotify:track:0o6M3zre82Mcbu1D8CQp4p,https://api.spotify.com/v1/tracks/0o6M3zre82Mcbu1D8CQp4p,https://api.spotify.com/v1/audio-analysis/0o6M3zre82Mcbu1D8CQp4p,4,1
spotify:track:034wgaokUuID17Z3itXONw,The Overlord,Kingdom Of Giants,44,"['melodic metalcore', 'metalcore', 'post-post-hardcore', 'post-screamo', 'screamo']",Abominable,16,0.282,0.978,8,-3.952,1,0.252,0.00128,0,0.752,0.134,120.533,audio_features,034wgaokUuID17Z3itXONw,spotify:track:034wgaokUuID17Z3itXONw,https://api.spotify.com/v1/tracks/034wgaokUuID17Z3itXONw,https://api.spotify.com/v1/audio-analysis/034wgaokUuID17Z3itXONw,4,1
spotify:track:67KcLbqGJ37hN68KrQ0QEe,Guns And Girls,Kingdom Of Giants,44,"['melodic metalcore', 'metalcore', 'post-post-hardcore', 'post-screamo', 'screamo']",Abominable,16,0.283,0.952,8,-4.302,1,0.158,0.00114,0,0.333,0.215,144.981,audio_features,67KcLbqGJ37hN68KrQ0QEe,spotify:track:67KcLbqGJ37hN68KrQ0QEe,https://api.spotify.com/v1/tracks/67KcLbqGJ37hN68KrQ0QEe,https://api.spotify.com/v1/audio-analysis/67KcLbqGJ37hN68KrQ0QEe,4,1
spotify:track:1lklm7l2pWgjHqNtlvTtgR,Incandescent,Astronoid,28,"['blackgaze', 'boston metal', 'cosmic black metal', 'sci-fi metal']",Air,25,0.246,0.723,5,-9.401,1,0.0521,7.43e-05,0.551,0.572,0.132,159.981,audio_features,1lklm7l2pWgjHqNtlvTtgR,spotify:track:1lklm7l2pWgjHqNtlvTtgR,https://api.spotify.com/v1/tracks/1lklm7l2pWgjHqNtlvTtgR,https://api.spotify.com/v1/audio-analysis/1lklm7l2pWgjHqNtlvTtgR,4,1
spotify:track:6fTgbkBiMITtHUmik95ClX,MakeDamnSure,Taking Back Sunday,61,"['emo', 'pop punk']",Louder Now (Deluxe Edition),69,0.552,0.836,6,-5.608,1,0.0453,0.00942,0,0.372,0.432,140.496,audio_features,6fTgbkBiMITtHUmik95ClX,spotify:track:6fTgbkBiMITtHUmik95ClX,https://api.spotify.com/v1/tracks/6fTgbkBiMITtHUmik95ClX,https://api.spotify.com/v1/audio-analysis/6fTgbkBiMITtHUmik95ClX,4,1
spotify:track:0C9d07g8OTaJeZVVmjN0pS,Tree Village,Dance Gavin Dance,64,"['metalcore', 'pixie', 'sacramento indie', 'screamo', 'swancore']",Happiness,48,0.17,0.89,4,-3.581,0,0.0521,0.0166,0.000102,0.107,0.233,178.464,audio_features,0C9d07g8OTaJeZVVmjN0pS,spotify:track:0C9d07g8OTaJeZVVmjN0pS,https://api.spotify.com/v1/tracks/0C9d07g8OTaJeZVVmjN0pS,https://api.spotify.com/v1/audio-analysis/0C9d07g8OTaJeZVVmjN0pS,4,1
spotify:track:23DHUWJ7iEieNPMPKvjzBV,Ohio Is For Lovers,Hawthorne Heights,53,"['dayton indie', 'pop punk', 'post-hardcore', 'screamo']",The Silence In Black And White (Re-Issue),65,0.566,0.835,8,-6.87,0,0.0742,0.0356,0,0.241,0.606,170.066,audio_features,23DHUWJ7iEieNPMPKvjzBV,spotify:track:23DHUWJ7iEieNPMPKvjzBV,https://api.spotify.com/v1/tracks/23DHUWJ7iEieNPMPKvjzBV,https://api.spotify.com/v1/audio-analysis/23DHUWJ7iEieNPMPKvjzBV,4,1
spotify:track:0nQcyybXeatlDXgvQOrT1n,It's Far Better To Learn,Saosin,52,"['metalcore', 'pop punk', 'post-hardcore', 'screamo']",Saosin,49,0.32,0.94,2,-4.823,0,0.0866,0.000402,0.14,0.235,0.0724,182.189,audio_features,0nQcyybXeatlDXgvQOrT1n,spotify:track:0nQcyybXeatlDXgvQOrT1n,https://api.spotify.com/v1/tracks/0nQcyybXeatlDXgvQOrT1n,https://api.spotify.com/v1/audio-analysis/0nQcyybXeatlDXgvQOrT1n,4,1
spotify:track:7CR0CfMEC6BZBuYLaKSbu9,And I Told Them I Invented Times New Roman,Dance Gavin Dance,64,"['metalcore', 'pixie', 'sacramento indie', 'screamo', 'swancore']",Downtown Battle Mountain,50,0.271,0.92,5,-2.89,1,0.0572,3.62e-05,3.26e-06,0.316,0.36,83.766,audio_features,7CR0CfMEC6BZBuYLaKSbu9,spotify:track:7CR0CfMEC6BZBuYLaKSbu9,https://api.spotify.com/v1/tracks/7CR0CfMEC6BZBuYLaKSbu9,https://api.spotify.com/v1/audio-analysis/7CR0CfMEC6BZBuYLaKSbu9,4,1
spotify:track:6p4jnIWFWyLz0zUo2RD9iu,"Baby, You Wouldn't Last A Minute On The Creek",Chiodos,48,"['metalcore', 'pop punk', 'post-hardcore', 'progressive post-hardcore', 'screamo']",All's Well That Ends Well,57,0.38,0.908,2,-6.425,0,0.193,0.0295,0,0.101,0.0974,97.613,audio_features,6p4jnIWFWyLz0zUo2RD9iu,spotify:track:6p4jnIWFWyLz0zUo2RD9iu,https://api.spotify.com/v1/tracks/6p4jnIWFWyLz0zUo2RD9iu,https://api.spotify.com/v1/audio-analysis/6p4jnIWFWyLz0zUo2RD9iu,4,1
spotify:track:32GLsaZGtVQ4OUaqmVsF9I,Bitches Brew,✝✝✝ (Crosses),48,"['alternative metal', 'electronic rock']",††† (Crosses),45,0.551,0.661,1,-4.428,0,0.033,0.00121,0.000567,0.147,0.589,88.02,audio_features,32GLsaZGtVQ4OUaqmVsF9I,spotify:track:32GLsaZGtVQ4OUaqmVsF9I,https://api.spotify.com/v1/tracks/32GLsaZGtVQ4OUaqmVsF9I,https://api.spotify.com/v1/audio-analysis/32GLsaZGtVQ4OUaqmVsF9I,4,1
spotify:track:2eOzEJoqdwXeeBUBqgEb3h,All in Question,Royal Coda,42,"['progressive post-hardcore', 'sacramento indie', 'screamo']",Compassion,9,0.2,0.934,5,-4.58,1,0.163,0.0102,0.00621,0.151,0.211,183.565,audio_features,2eOzEJoqdwXeeBUBqgEb3h,spotify:track:2eOzEJoqdwXeeBUBqgEb3h,https://api.spotify.com/v1/tracks/2eOzEJoqdwXeeBUBqgEb3h,https://api.spotify.com/v1/audio-analysis/2eOzEJoqdwXeeBUBqgEb3h,5,1
spotify:track:7ipGvvE90ROUNFw7ZBXBTO,Ghost Voices,Virtual Self,42,['future bass'],Virtual Self,52,0.311,0.857,11,-8.332,0,0.0396,0.00137,0.805,0.307,0.358,119.96,audio_features,7ipGvvE90ROUNFw7ZBXBTO,spotify:track:7ipGvvE90ROUNFw7ZBXBTO,https://api.spotify.com/v1/tracks/7ipGvvE90ROUNFw7ZBXBTO,https://api.spotify.com/v1/audio-analysis/7ipGvvE90ROUNFw7ZBXBTO,4,1
spotify:track:6OL4I5q61iaBCWz2L7GvVe,Fraction Of,The Whags,1,[],Fraction of / Everything's the Same,1,0.508,0.671,11,-7.663,1,0.0283,0.062,0.155,0.102,0.498,88.056,audio_features,6OL4I5q61iaBCWz2L7GvVe,spotify:track:6OL4I5q61iaBCWz2L7GvVe,https://api.spotify.com/v1/tracks/6OL4I5q61iaBCWz2L7GvVe,https://api.spotify.com/v1/audio-analysis/6OL4I5q61iaBCWz2L7GvVe,4,1
spotify:track:3m7KZMF8qofzaegE5g6eGc,Spiritual Instinct,Alcest,44,"['atmospheric black metal', 'blackgaze', 'french black metal', 'french metal', 'french shoegaze', 'post-black metal', 'post-metal', 'shoegaze']",Spiritual Instinct,34,0.275,0.681,10,-8.817,0,0.0363,0.000261,0.889,0.119,0.191,96.202,audio_features,3m7KZMF8qofzaegE5g6eGc,spotify:track:3m7KZMF8qofzaegE5g6eGc,https://api.spotify.com/v1/tracks/3m7KZMF8qofzaegE5g6eGc,https://api.spotify.com/v1/audio-analysis/3m7KZMF8qofzaegE5g6eGc,3,1
spotify:track:10kRvhPLK4Hd9thfKN0KoP,DREAM,Ocean Grove,41,"['australian metalcore', 'australian post-hardcore', 'nu-metalcore']",DREAM,28,0.343,0.668,9,-3.59,1,0.0563,0.000319,1.01e-05,0.334,0.31,91.436,audio_features,10kRvhPLK4Hd9thfKN0KoP,spotify:track:10kRvhPLK4Hd9thfKN0KoP,https://api.spotify.com/v1/tracks/10kRvhPLK4Hd9thfKN0KoP,https://api.spotify.com/v1/audio-analysis/10kRvhPLK4Hd9thfKN0KoP,4,1
spotify:track:4W3wHm1kroqVd8tRyu9CGv,Pyrocene,Genghis Tron,24,"['american grindcore', 'cybergrind', 'grindcore', 'mathcore', 'nintendocore', 'post-doom metal', 'post-metal', 'sasscore']",Dream Weapon,27,0.385,0.865,1,-7.142,1,0.0507,0.00055,0.885,0.124,0.395,186.064,audio_features,4W3wHm1kroqVd8tRyu9CGv,spotify:track:4W3wHm1kroqVd8tRyu9CGv,https://api.spotify.com/v1/tracks/4W3wHm1kroqVd8tRyu9CGv,https://api.spotify.com/v1/audio-analysis/4W3wHm1kroqVd8tRyu9CGv,5,1
spotify:track:6mEa6eIKJZ99536PCnJymz,a.i.ngel (Become God),Virtual Self,42,['future bass'],Virtual Self,36,0.265,0.749,6,-6.161,0,0.0503,0.00331,0.478,0.123,0.261,174.125,audio_features,6mEa6eIKJZ99536PCnJymz,spotify:track:6mEa6eIKJZ99536PCnJymz,https://api.spotify.com/v1/tracks/6mEa6eIKJZ99536PCnJymz,https://api.spotify.com/v1/audio-analysis/6mEa6eIKJZ99536PCnJymz,5,1
spotify:track:68lrQ6jAW5cOyn7GX39uzz,sad day,FKA twigs,63,"['afrofuturism', 'alternative r&b', 'art pop', 'escape room', 'experimental r&b', 'pop', 'trip hop']",MAGDALENE,49,0.434,0.469,0,-10.681,0,0.166,0.808,0.000212,0.0856,0.14,136.723,audio_features,68lrQ6jAW5cOyn7GX39uzz,spotify:track:68lrQ6jAW5cOyn7GX39uzz,https://api.spotify.com/v1/tracks/68lrQ6jAW5cOyn7GX39uzz,https://api.spotify.com/v1/audio-analysis/68lrQ6jAW5cOyn7GX39uzz,4,1
spotify:track:6iZVQLI9gs9kFRnmbQLzHO,Something Comforting,Porter Robinson,62,"['complextro', 'edm', 'melodic dubstep', 'pop dance', 'progressive electro house']",Something Comforting,47,0.47,0.56,8,-9.707,1,0.0298,0.0449,3.83e-06,0.0774,0.29,143.987,audio_features,6iZVQLI9gs9kFRnmbQLzHO,spotify:track:6iZVQLI9gs9kFRnmbQLzHO,https://api.spotify.com/v1/tracks/6iZVQLI9gs9kFRnmbQLzHO,https://api.spotify.com/v1/audio-analysis/6iZVQLI9gs9kFRnmbQLzHO,4,1
spotify:track:0TzkG2s7nhpZs0RNSBsAlF,Annihilation,i_o,48,"['edm', 'electro house']",Annihilation,36,0.669,0.697,1,-7.738,1,0.0321,0.000577,0.43,0.603,0.126,130.036,audio_features,0TzkG2s7nhpZs0RNSBsAlF,spotify:track:0TzkG2s7nhpZs0RNSBsAlF,https://api.spotify.com/v1/tracks/0TzkG2s7nhpZs0RNSBsAlF,https://api.spotify.com/v1/audio-analysis/0TzkG2s7nhpZs0RNSBsAlF,3,1
spotify:track:300bSfVhnNrXHZEHKxQjPU,Kodama,Alcest,44,"['atmospheric black metal', 'blackgaze', 'french black metal', 'french metal', 'french shoegaze', 'post-black metal', 'post-metal', 'shoegaze']",Kodama,40,0.466,0.573,3,-9.266,0,0.031,0.000925,0.782,0.341,0.245,104.996,audio_features,300bSfVhnNrXHZEHKxQjPU,spotify:track:300bSfVhnNrXHZEHKxQjPU,https://api.spotify.com/v1/tracks/300bSfVhnNrXHZEHKxQjPU,https://api.spotify.com/v1/audio-analysis/300bSfVhnNrXHZEHKxQjPU,3,1
spotify:track:1sNEW5TWdN1Et70SwaTi7o,KING GHOST,Steven Wilson,47,"['art rock', 'neo-progressive', 'progressive metal', 'progressive rock', 'symphonic rock']",THE FUTURE BITES,19,0.499,0.485,2,-12.348,1,0.0509,0.221,0.503,0.0578,0.167,188.046,audio_features,1sNEW5TWdN1Et70SwaTi7o,spotify:track:1sNEW5TWdN1Et70SwaTi7o,https://api.spotify.com/v1/tracks/1sNEW5TWdN1Et70SwaTi7o,https://api.spotify.com/v1/audio-analysis/1sNEW5TWdN1Et70SwaTi7o,4,1
spotify:track:12QtgLl2KA83A7hXwPVAuw,Pursuance,Spencer Brown,42,"['progressive house', 'progressive trance']",Stream of Consciousness,25,0.6,0.928,11,-9.103,1,0.0408,0.00518,0.923,0.126,0.335,123.995,audio_features,12QtgLl2KA83A7hXwPVAuw,spotify:track:12QtgLl2KA83A7hXwPVAuw,https://api.spotify.com/v1/tracks/12QtgLl2KA83A7hXwPVAuw,https://api.spotify.com/v1/audio-analysis/12QtgLl2KA83A7hXwPVAuw,4,1
spotify:track:0QMK2WVjKy3iKdqajgDB1P,Strong,London Grammar,63,"['metropopolis', 'nottingham indie']",If You Wait,46,0.57,0.397,10,-11.091,1,0.0322,0.737,3.54e-05,0.082,0.297,78.013,audio_features,0QMK2WVjKy3iKdqajgDB1P,spotify:track:0QMK2WVjKy3iKdqajgDB1P,https://api.spotify.com/v1/tracks/0QMK2WVjKy3iKdqajgDB1P,https://api.spotify.com/v1/audio-analysis/0QMK2WVjKy3iKdqajgDB1P,4,1
spotify:track:4qpHtRSPH2Ojuc90zrvDDB,Mortality Rate,Greyhaven,35,"['american metalcore', 'metalcore', 'progressive metalcore', 'progressive post-hardcore']",Empty Black,25,0.261,0.993,0,-2.302,1,0.218,5.59e-05,0.00129,0.339,0.185,166.713,audio_features,4qpHtRSPH2Ojuc90zrvDDB,spotify:track:4qpHtRSPH2Ojuc90zrvDDB,https://api.spotify.com/v1/tracks/4qpHtRSPH2Ojuc90zrvDDB,https://api.spotify.com/v1/audio-analysis/4qpHtRSPH2Ojuc90zrvDDB,4,1
spotify:track:5WjQUHnZPg0dzKSpwjQDMW,Sword,Sufferer,27,['progressive post-hardcore'],Sufferer,38,0.602,0.975,7,-4.511,0,0.0816,0.003,0.0192,0.352,0.0609,103.036,audio_features,5WjQUHnZPg0dzKSpwjQDMW,spotify:track:5WjQUHnZPg0dzKSpwjQDMW,https://api.spotify.com/v1/tracks/5WjQUHnZPg0dzKSpwjQDMW,https://api.spotify.com/v1/audio-analysis/5WjQUHnZPg0dzKSpwjQDMW,3,1
spotify:track:4zbySKLBwhlIZwC5BPTRy8,Rituals,Rolo Tomassi,34,"['chaotic hardcore', 'cybergrind', 'mathcore', 'nintendocore', 'sasscore', 'uk metalcore', 'uk post-hardcore']",Time Will Die and Love Will Bury It,0,0.27,0.987,1,-4.242,0,0.27,6.42e-05,0.329,0.136,0.0391,170.284,audio_features,4zbySKLBwhlIZwC5BPTRy8,spotify:track:4zbySKLBwhlIZwC5BPTRy8,https://api.spotify.com/v1/tracks/4zbySKLBwhlIZwC5BPTRy8,https://api.spotify.com/v1/audio-analysis/4zbySKLBwhlIZwC5BPTRy8,4,1
spotify:track:7h1bwvsQsF2EZyNr3qa6YL,State of Non-Return,OM,35,"['doom metal', 'drone metal', 'drone rock', 'post-doom metal', 'psychedelic doom', 'space rock', 'stoner metal', 'stoner rock']",Advaitic Songs,0,0.33,0.709,8,-10.309,1,0.0445,0.0103,0.871,0.103,0.184,128.505,audio_features,7h1bwvsQsF2EZyNr3qa6YL,spotify:track:7h1bwvsQsF2EZyNr3qa6YL,https://api.spotify.com/v1/tracks/7h1bwvsQsF2EZyNr3qa6YL,https://api.spotify.com/v1/audio-analysis/7h1bwvsQsF2EZyNr3qa6YL,4,1
spotify:track:4aA8R1nG64xaRIr9ZndxxG,Motherfunk,In Search Of Sun,29,['uk metalcore'],Virgin Funk Mother,36,0.543,0.888,4,-4.528,0,0.0468,0.0187,2.58e-06,0.473,0.635,139.981,audio_features,4aA8R1nG64xaRIr9ZndxxG,spotify:track:4aA8R1nG64xaRIr9ZndxxG,https://api.spotify.com/v1/tracks/4aA8R1nG64xaRIr9ZndxxG,https://api.spotify.com/v1/audio-analysis/4aA8R1nG64xaRIr9ZndxxG,4,1
spotify:track:76nqR8hb279mkQLNkQMzK1,Dead Rope Machine,Rishloo,37,"['alternative metal', 'progressive metal']",Living as Ghosts With Buildings as Teeth,26,0.249,0.816,1,-5.927,1,0.0421,0.0414,0.0106,0.0886,0.353,141.713,audio_features,76nqR8hb279mkQLNkQMzK1,spotify:track:76nqR8hb279mkQLNkQMzK1,https://api.spotify.com/v1/tracks/76nqR8hb279mkQLNkQMzK1,https://api.spotify.com/v1/audio-analysis/76nqR8hb279mkQLNkQMzK1,4,1
spotify:track:5EVGgRH4HAJXn5jiCLsBUo,Keep It 100,Joyner Lucas,70,"['boston hip hop', 'hip hop', 'pop rap', 'rap']",508-507-2209,42,0.58,0.911,1,-6.574,1,0.547,0.408,0,0.188,0.528,170.829,audio_features,5EVGgRH4HAJXn5jiCLsBUo,spotify:track:5EVGgRH4HAJXn5jiCLsBUo,https://api.spotify.com/v1/tracks/5EVGgRH4HAJXn5jiCLsBUo,https://api.spotify.com/v1/audio-analysis/5EVGgRH4HAJXn5jiCLsBUo,4,1
spotify:track:7CcaktZZsdb8AWPdhDM38f,Pariah,Steven Wilson,47,"['art rock', 'neo-progressive', 'progressive metal', 'progressive rock', 'symphonic rock']",To The Bone,45,0.497,0.213,6,-13.199,0,0.0317,0.102,0.112,0.21,0.0412,135.03,audio_features,7CcaktZZsdb8AWPdhDM38f,spotify:track:7CcaktZZsdb8AWPdhDM38f,https://api.spotify.com/v1/tracks/7CcaktZZsdb8AWPdhDM38f,https://api.spotify.com/v1/audio-analysis/7CcaktZZsdb8AWPdhDM38f,4,1
spotify:track:5wvYib82q05wiNjLElD8GJ,Dig,Incubus,66,"['alternative metal', 'alternative rock', 'funk metal', 'funk rock', 'nu metal', 'pop rock', 'post-grunge', 'rock']",Light Grenades,62,0.45,0.895,11,-4.739,1,0.0386,0.0293,0,0.116,0.463,77.577,audio_features,5wvYib82q05wiNjLElD8GJ,spotify:track:5wvYib82q05wiNjLElD8GJ,https://api.spotify.com/v1/tracks/5wvYib82q05wiNjLElD8GJ,https://api.spotify.com/v1/audio-analysis/5wvYib82q05wiNjLElD8GJ,4,1
spotify:track:2319gHincsCeSmc19Efi2j,Forever,HAIM,64,['metropopolis'],Days Are Gone,45,0.773,0.867,0,-4.595,1,0.0603,0.145,0.000333,0.105,0.592,117.984,audio_features,2319gHincsCeSmc19Efi2j,spotify:track:2319gHincsCeSmc19Efi2j,https://api.spotify.com/v1/tracks/2319gHincsCeSmc19Efi2j,https://api.spotify.com/v1/audio-analysis/2319gHincsCeSmc19Efi2j,4,1
spotify:track:5wL742yBgvtbw1IibA3FMJ,Falling,HAIM,64,['metropopolis'],Days Are Gone,46,0.741,0.894,2,-5.648,1,0.069,0.076,4.89e-05,0.0835,0.297,111.969,audio_features,5wL742yBgvtbw1IibA3FMJ,spotify:track:5wL742yBgvtbw1IibA3FMJ,https://api.spotify.com/v1/tracks/5wL742yBgvtbw1IibA3FMJ,https://api.spotify.com/v1/audio-analysis/5wL742yBgvtbw1IibA3FMJ,4,1
spotify:track:7gChGUkqWkinDS7uYoMLIM,Moaning Lisa Smile,Wolf Alice,60,"['indie rock', 'modern alternative rock', 'modern rock', 'rock']",My Love Is Cool,44,0.513,0.839,9,-4.374,1,0.0427,0.000788,0.237,0.113,0.294,98.12,audio_features,7gChGUkqWkinDS7uYoMLIM,spotify:track:7gChGUkqWkinDS7uYoMLIM,https://api.spotify.com/v1/tracks/7gChGUkqWkinDS7uYoMLIM,https://api.spotify.com/v1/audio-analysis/7gChGUkqWkinDS7uYoMLIM,4,1
spotify:track:4JVSkSJAKbSlwkSepkXcK6,Something Good,alt-J,68,"['indie rock', 'modern rock']",An Awesome Wave,0,0.68,0.588,7,-10.36,1,0.0296,0.728,0.499,0.0791,0.521,108.994,audio_features,4JVSkSJAKbSlwkSepkXcK6,spotify:track:4JVSkSJAKbSlwkSepkXcK6,https://api.spotify.com/v1/tracks/4JVSkSJAKbSlwkSepkXcK6,https://api.spotify.com/v1/audio-analysis/4JVSkSJAKbSlwkSepkXcK6,4,1
spotify:track:2zZukydGSdnPcuE4PqGglq,Hunger Of The Pine,alt-J,68,"['indie rock', 'modern rock']",Hunger Of The Pine,0,0.36,0.434,7,-9.51,1,0.0313,0.795,0.0317,0.0995,0.0737,93.657,audio_features,2zZukydGSdnPcuE4PqGglq,spotify:track:2zZukydGSdnPcuE4PqGglq,https://api.spotify.com/v1/tracks/2zZukydGSdnPcuE4PqGglq,https://api.spotify.com/v1/audio-analysis/2zZukydGSdnPcuE4PqGglq,4,1
spotify:track:45aZM1UAGfThfsQ6haapFu,Lofticries,Purity Ring,51,"['art pop', 'canadian electropop', 'chillwave', 'dark pop', 'dream pop', 'edmonton indie', 'electropop', 'grave wave', 'indietronica', 'metropopolis', 'shimmer pop']",Shrines,0,0.671,0.73,8,-6.773,1,0.0369,0.116,0.000356,0.201,0.299,112.011,audio_features,45aZM1UAGfThfsQ6haapFu,spotify:track:45aZM1UAGfThfsQ6haapFu,https://api.spotify.com/v1/tracks/45aZM1UAGfThfsQ6haapFu,https://api.spotify.com/v1/audio-analysis/45aZM1UAGfThfsQ6haapFu,4,1
spotify:track:6TMSo0TqIKaotFuWeUKxc6,Dmt,xxyyxx,39,['wonky'],Xxyyxx,0,0.537,0.424,1,-11.281,1,0.0409,0.0171,0.842,0.355,0.0761,193.994,audio_features,6TMSo0TqIKaotFuWeUKxc6,spotify:track:6TMSo0TqIKaotFuWeUKxc6,https://api.spotify.com/v1/tracks/6TMSo0TqIKaotFuWeUKxc6,https://api.spotify.com/v1/audio-analysis/6TMSo0TqIKaotFuWeUKxc6,4,1
spotify:track:2ylVfK4pVfeSV4zxieyT2B,Touch,Shura,46,"['art pop', 'electropop', 'indie pop', 'indie poptimism', 'uk pop']",Nothing's Real,53,0.731,0.662,9,-11.58,0,0.255,0.568,0.00102,0.22,0.432,89.927,audio_features,2ylVfK4pVfeSV4zxieyT2B,spotify:track:2ylVfK4pVfeSV4zxieyT2B,https://api.spotify.com/v1/tracks/2ylVfK4pVfeSV4zxieyT2B,https://api.spotify.com/v1/audio-analysis/2ylVfK4pVfeSV4zxieyT2B,4,1
spotify:track:4irYeuAi87yyGHcI4h9s0x,Paris,$uicideboy$,84,"['dark trap', 'new orleans rap', 'underground hip hop']",Now The Moon's Rising,0,0.849,0.648,7,-6.188,1,0.0832,0.0725,0.00592,0.0984,0.196,106.075,audio_features,4irYeuAi87yyGHcI4h9s0x,spotify:track:4irYeuAi87yyGHcI4h9s0x,https://api.spotify.com/v1/tracks/4irYeuAi87yyGHcI4h9s0x,https://api.spotify.com/v1/audio-analysis/4irYeuAi87yyGHcI4h9s0x,4,1
spotify:track:1m70CuyE2lzlV4GI8vNZ6e,Transience,Steven Wilson,47,"['art rock', 'neo-progressive', 'progressive metal', 'progressive rock', 'symphonic rock']",Hand Cannot Erase,31,0.535,0.252,4,-20.921,0,0.0336,0.813,0.396,0.0855,0.135,112.006,audio_features,1m70CuyE2lzlV4GI8vNZ6e,spotify:track:1m70CuyE2lzlV4GI8vNZ6e,https://api.spotify.com/v1/tracks/1m70CuyE2lzlV4GI8vNZ6e,https://api.spotify.com/v1/audio-analysis/1m70CuyE2lzlV4GI8vNZ6e,4,1
spotify:track:0fsuyQqz1nuYtfosExYeeY,Solitude Is Bliss,Tame Impala,78,"['australian psych', 'neo-psychedelic']",InnerSpeaker,41,0.591,0.847,7,-4.963,1,0.0642,0.00971,0.000124,0.176,0.64,104.004,audio_features,0fsuyQqz1nuYtfosExYeeY,spotify:track:0fsuyQqz1nuYtfosExYeeY,https://api.spotify.com/v1/tracks/0fsuyQqz1nuYtfosExYeeY,https://api.spotify.com/v1/audio-analysis/0fsuyQqz1nuYtfosExYeeY,4,1
spotify:track:0YuePEX4KyfLIPMdNLPwgQ,Endors Toi,Tame Impala,78,"['australian psych', 'neo-psychedelic']",Lonerism,56,0.242,0.924,3,-3.327,1,0.0804,0.0302,0.461,0.36,0.33,129.155,audio_features,0YuePEX4KyfLIPMdNLPwgQ,spotify:track:0YuePEX4KyfLIPMdNLPwgQ,https://api.spotify.com/v1/tracks/0YuePEX4KyfLIPMdNLPwgQ,https://api.spotify.com/v1/audio-analysis/0YuePEX4KyfLIPMdNLPwgQ,4,1
spotify:track:15TXlsD9MvHSbpmujOwL7H,It Is Not Meant To Be,Tame Impala,78,"['australian psych', 'neo-psychedelic']",InnerSpeaker (10 Year Anniversary Edition),43,0.429,0.894,0,-4.676,1,0.0412,0.0133,0.00122,0.451,0.456,102.063,audio_features,15TXlsD9MvHSbpmujOwL7H,spotify:track:15TXlsD9MvHSbpmujOwL7H,https://api.spotify.com/v1/tracks/15TXlsD9MvHSbpmujOwL7H,https://api.spotify.com/v1/audio-analysis/15TXlsD9MvHSbpmujOwL7H,4,1
spotify:track:5VdLK7Kcqyf5RstFU0lhwh,Skeleton Tiger,Tame Impala,78,"['australian psych', 'neo-psychedelic']",Tame Impala,36,0.611,0.679,2,-6.996,1,0.0397,0.729,0.481,0.167,0.495,121.962,audio_features,5VdLK7Kcqyf5RstFU0lhwh,spotify:track:5VdLK7Kcqyf5RstFU0lhwh,https://api.spotify.com/v1/tracks/5VdLK7Kcqyf5RstFU0lhwh,https://api.spotify.com/v1/audio-analysis/5VdLK7Kcqyf5RstFU0lhwh,4,1
spotify:track:6U0y2RlMpqtTKO5T5aqMPF,Strobe - Radio Edit,deadmau5,66,"['canadian electronic', 'edm', 'electro house', 'pop dance', 'progressive house']",Strobe,0,0.649,0.706,8,-7.209,0,0.031,8.45e-05,0.831,0.163,0.0736,128.032,audio_features,6U0y2RlMpqtTKO5T5aqMPF,spotify:track:6U0y2RlMpqtTKO5T5aqMPF,https://api.spotify.com/v1/tracks/6U0y2RlMpqtTKO5T5aqMPF,https://api.spotify.com/v1/audio-analysis/6U0y2RlMpqtTKO5T5aqMPF,4,1
spotify:track:3GLXFIHck82iqnWqhnm03n,Some Wobbles,Ephixa,42,"['canadian electronic', 'chillstep', 'complextro', 'edm', 'electro house', 'future bass', 'gaming edm']",Some Wobbles - EP,0,0.581,0.799,7,-8.764,1,0.0318,0.00393,0.766,0.0791,0.339,139.994,audio_features,3GLXFIHck82iqnWqhnm03n,spotify:track:3GLXFIHck82iqnWqhnm03n,https://api.spotify.com/v1/tracks/3GLXFIHck82iqnWqhnm03n,https://api.spotify.com/v1/audio-analysis/3GLXFIHck82iqnWqhnm03n,4,1
spotify:track:4rfhAoZjGwraqwX1w47uij,Sun & Moon - Original Mix,Above & Beyond,61,"['edm', 'pop dance', 'progressive house', 'progressive trance', 'trance', 'uplifting trance']",Group Therapy,51,0.682,0.524,6,-8.061,0,0.0918,0.0228,0.0138,0.11,0.194,133.998,audio_features,4rfhAoZjGwraqwX1w47uij,spotify:track:4rfhAoZjGwraqwX1w47uij,https://api.spotify.com/v1/tracks/4rfhAoZjGwraqwX1w47uij,https://api.spotify.com/v1/audio-analysis/4rfhAoZjGwraqwX1w47uij,4,1
spotify:track:1DTLuAyZhiqLbxpZM3QoaY,Projection,Above & Beyond,61,"['edm', 'pop dance', 'progressive house', 'progressive trance', 'trance', 'uplifting trance']",Anjunabeats Volume 16,41,0.521,0.861,1,-7.398,0,0.0298,0.000998,0.845,0.299,0.06,127.995,audio_features,1DTLuAyZhiqLbxpZM3QoaY,spotify:track:1DTLuAyZhiqLbxpZM3QoaY,https://api.spotify.com/v1/tracks/1DTLuAyZhiqLbxpZM3QoaY,https://api.spotify.com/v1/audio-analysis/1DTLuAyZhiqLbxpZM3QoaY,4,1
spotify:track:2LUaTRzLQ0LxX8l6xcBZ34,Counting Down The Days,Above & Beyond,61,"['edm', 'pop dance', 'progressive house', 'progressive trance', 'trance', 'uplifting trance']",We Are All We Need,42,0.623,0.681,1,-8.272,1,0.0364,0.177,0.0376,0.11,0.237,127.988,audio_features,2LUaTRzLQ0LxX8l6xcBZ34,spotify:track:2LUaTRzLQ0LxX8l6xcBZ34,https://api.spotify.com/v1/tracks/2LUaTRzLQ0LxX8l6xcBZ34,https://api.spotify.com/v1/audio-analysis/2LUaTRzLQ0LxX8l6xcBZ34,4,1
spotify:track:6poaggkSYGIoUjyuippcQ2,Northern Soul,Above & Beyond,61,"['edm', 'pop dance', 'progressive house', 'progressive trance', 'trance', 'uplifting trance']",Common Ground,44,0.569,0.542,5,-11.155,0,0.0636,0.0299,0.000188,0.175,0.105,127.977,audio_features,6poaggkSYGIoUjyuippcQ2,spotify:track:6poaggkSYGIoUjyuippcQ2,https://api.spotify.com/v1/tracks/6poaggkSYGIoUjyuippcQ2,https://api.spotify.com/v1/audio-analysis/6poaggkSYGIoUjyuippcQ2,4,1
spotify:track:1DFgEywD1RGDSt1VwqppwS,Alchemy - Original Mix,Above & Beyond,61,"['edm', 'pop dance', 'progressive house', 'progressive trance', 'trance', 'uplifting trance']",Group Therapy,40,0.582,0.686,2,-8.439,0,0.041,0.0389,0.000689,0.104,0.252,129.936,audio_features,1DFgEywD1RGDSt1VwqppwS,spotify:track:1DFgEywD1RGDSt1VwqppwS,https://api.spotify.com/v1/tracks/1DFgEywD1RGDSt1VwqppwS,https://api.spotify.com/v1/audio-analysis/1DFgEywD1RGDSt1VwqppwS,4,1
spotify:track:0jT6M1tT51b1p2s8qDUUkB,Show Me Love,Above & Beyond,61,"['edm', 'pop dance', 'progressive house', 'progressive trance', 'trance', 'uplifting trance']",Show Me Love,39,0.46,0.878,4,-5.203,0,0.0437,0.022,0.508,0.157,0.454,128.017,audio_features,0jT6M1tT51b1p2s8qDUUkB,spotify:track:0jT6M1tT51b1p2s8qDUUkB,https://api.spotify.com/v1/tracks/0jT6M1tT51b1p2s8qDUUkB,https://api.spotify.com/v1/audio-analysis/0jT6M1tT51b1p2s8qDUUkB,4,1
spotify:track:0fgDeC2Uh6C6sz7QQeGZIa,Make Me Feel,Oliver Smith,40,"['edm', 'progressive house', 'progressive trance', 'progressive trance house', 'trance', 'uplifting trance']",Make Me Feel,32,0.576,0.93,5,-4.165,0,0.0322,0.00386,0.0181,0.371,0.0589,126.017,audio_features,0fgDeC2Uh6C6sz7QQeGZIa,spotify:track:0fgDeC2Uh6C6sz7QQeGZIa,https://api.spotify.com/v1/tracks/0fgDeC2Uh6C6sz7QQeGZIa,https://api.spotify.com/v1/audio-analysis/0fgDeC2Uh6C6sz7QQeGZIa,4,1
spotify:track:1I9vVK75mFieoQHK8kyuC9,Running With The Wind,Chris Giuliano,25,['progressive trance'],Anjunabeats Rising - Volume 8,4,0.616,0.918,8,-5.144,1,0.0619,0.00341,0.281,0.279,0.178,127.978,audio_features,1I9vVK75mFieoQHK8kyuC9,spotify:track:1I9vVK75mFieoQHK8kyuC9,https://api.spotify.com/v1/tracks/1I9vVK75mFieoQHK8kyuC9,https://api.spotify.com/v1/audio-analysis/1I9vVK75mFieoQHK8kyuC9,4,1
spotify:track:3haazl36srX1GgV9cLopE2,Ba55 I5land,Genix,37,"['progressive house', 'progressive trance', 'progressive uplifting trance', 'trance', 'uplifting trance']",Ba55 I5land,27,0.649,0.887,5,-8.166,0,0.0547,0.00144,0.859,0.124,0.145,128.005,audio_features,3haazl36srX1GgV9cLopE2,spotify:track:3haazl36srX1GgV9cLopE2,https://api.spotify.com/v1/tracks/3haazl36srX1GgV9cLopE2,https://api.spotify.com/v1/audio-analysis/3haazl36srX1GgV9cLopE2,4,1
spotify:track:7DHc9xbLadnCiTeKM2xjJK,Sola,Rodg,44,"['progressive house', 'progressive trance', 'trance', 'uplifting trance']",Sola,25,0.649,0.876,1,-6.395,0,0.0367,0.000689,0.698,0.359,0.185,123.978,audio_features,7DHc9xbLadnCiTeKM2xjJK,spotify:track:7DHc9xbLadnCiTeKM2xjJK,https://api.spotify.com/v1/tracks/7DHc9xbLadnCiTeKM2xjJK,https://api.spotify.com/v1/audio-analysis/7DHc9xbLadnCiTeKM2xjJK,4,1
spotify:track:3lGBvPUgO7MJltUnBlOpe9,Mass Appeal,Gang Starr,61,"['alternative hip hop', 'conscious hip hop', 'east coast hip hop', 'gangster rap', 'hardcore hip hop', 'hip hop', 'rap']",Hard To Earn,61,0.808,0.726,10,-8.435,0,0.252,0.0208,0.276,0.129,0.616,96.12,audio_features,3lGBvPUgO7MJltUnBlOpe9,spotify:track:3lGBvPUgO7MJltUnBlOpe9,https://api.spotify.com/v1/tracks/3lGBvPUgO7MJltUnBlOpe9,https://api.spotify.com/v1/audio-analysis/3lGBvPUgO7MJltUnBlOpe9,4,1
spotify:track:119c93MHjrDLJTApCVGpvx,"C.R.E.A.M. (Cash Rules Everything Around Me) (feat. Method Man, Raekwon, Inspectah Deck & Buddha Monk)",Wu-Tang Clan,66,"['east coast hip hop', 'gangster rap', 'hardcore hip hop', 'hip hop', 'rap']",Enter The Wu-Tang (36 Chambers) [Expanded Edition],74,0.479,0.549,11,-10.551,0,0.373,0.57,0.0235,0.127,0.576,180.985,audio_features,119c93MHjrDLJTApCVGpvx,spotify:track:119c93MHjrDLJTApCVGpvx,https://api.spotify.com/v1/tracks/119c93MHjrDLJTApCVGpvx,https://api.spotify.com/v1/audio-analysis/119c93MHjrDLJTApCVGpvx,4,1
spotify:track:5zwz05jkQVT68CjUpPwFZe,N.Y. State of Mind,Nas,71,"['conscious hip hop', 'east coast hip hop', 'gangster rap', 'hardcore hip hop', 'hip hop', 'queens hip hop', 'rap']",Illmatic XX,58,0.665,0.91,6,-4.682,0,0.223,0.0394,0,0.227,0.887,84.099,audio_features,5zwz05jkQVT68CjUpPwFZe,spotify:track:5zwz05jkQVT68CjUpPwFZe,https://api.spotify.com/v1/tracks/5zwz05jkQVT68CjUpPwFZe,https://api.spotify.com/v1/audio-analysis/5zwz05jkQVT68CjUpPwFZe,4,1
spotify:track:2p9sprAX27D6U5cuSE9NsM,When I B On Tha Mic,Rakim,56,"['east coast hip hop', 'gangster rap', 'hardcore hip hop', 'hip hop', 'rap']",The Master,64,0.836,0.484,2,-7.332,1,0.327,0.0454,0,0.0557,0.839,95.941,audio_features,2p9sprAX27D6U5cuSE9NsM,spotify:track:2p9sprAX27D6U5cuSE9NsM,https://api.spotify.com/v1/tracks/2p9sprAX27D6U5cuSE9NsM,https://api.spotify.com/v1/audio-analysis/2p9sprAX27D6U5cuSE9NsM,4,1
spotify:track:1zvWXWvH5yYZUj8Ib8z5ks,Current Status (feat. Beyond),Atmosphere,56,"['alternative hip hop', 'conscious hip hop', 'minnesota hip hop', 'pop rap']",Overcast! (20 Year Anniversary Remaster),0,0.793,0.679,7,-6.912,1,0.299,0.171,0,0.251,0.518,91.147,audio_features,1zvWXWvH5yYZUj8Ib8z5ks,spotify:track:1zvWXWvH5yYZUj8Ib8z5ks,https://api.spotify.com/v1/tracks/1zvWXWvH5yYZUj8Ib8z5ks,https://api.spotify.com/v1/audio-analysis/1zvWXWvH5yYZUj8Ib8z5ks,4,1
spotify:track:1NMOz83jRtJrKIpkU9q9Zz,Underground,Eminem,90,"['detroit hip hop', 'hip hop', 'rap']",Relapse,0,0.632,0.807,10,-3.489,0,0.409,0.126,0,0.568,0.55,107.316,audio_features,1NMOz83jRtJrKIpkU9q9Zz,spotify:track:1NMOz83jRtJrKIpkU9q9Zz,https://api.spotify.com/v1/tracks/1NMOz83jRtJrKIpkU9q9Zz,https://api.spotify.com/v1/audio-analysis/1NMOz83jRtJrKIpkU9q9Zz,4,1
spotify:track:0flo4ALDU40QhT3NMGMjrm,Evil Deeds,Eminem,90,"['detroit hip hop', 'hip hop', 'rap']",Encore,0,0.731,0.686,11,-5.002,0,0.33,0.0915,0,0.415,0.29,75.54,audio_features,0flo4ALDU40QhT3NMGMjrm,spotify:track:0flo4ALDU40QhT3NMGMjrm,https://api.spotify.com/v1/tracks/0flo4ALDU40QhT3NMGMjrm,https://api.spotify.com/v1/audio-analysis/0flo4ALDU40QhT3NMGMjrm,4,1
spotify:track:0oIWQkfuqMZLY9XFcPyHor,Who Knew,Eminem,90,"['detroit hip hop', 'hip hop', 'rap']",The Marshall Mathers LP (Explicit Version),0,0.855,0.596,7,-4.147,1,0.307,0.135,0,0.139,0.793,100.894,audio_features,0oIWQkfuqMZLY9XFcPyHor,spotify:track:0oIWQkfuqMZLY9XFcPyHor,https://api.spotify.com/v1/tracks/0oIWQkfuqMZLY9XFcPyHor,https://api.spotify.com/v1/audio-analysis/0oIWQkfuqMZLY9XFcPyHor,4,1
spotify:track:5UGAXwbA17bUC0K9uquGY2,Antarctica,$uicideboy$,84,"['dark trap', 'new orleans rap', 'underground hip hop']",Antarctica,79,0.715,0.633,2,-6.869,1,0.0804,0.553,4.45e-06,0.0905,0.319,105.945,audio_features,5UGAXwbA17bUC0K9uquGY2,spotify:track:5UGAXwbA17bUC0K9uquGY2,https://api.spotify.com/v1/tracks/5UGAXwbA17bUC0K9uquGY2,https://api.spotify.com/v1/audio-analysis/5UGAXwbA17bUC0K9uquGY2,5,1
spotify:track:0kEZlJh4mK1QRfb3CT5LPk,Kill Yourself (Part III),$uicideboy$,84,"['dark trap', 'new orleans rap', 'underground hip hop']",My Liver Will Handle What My Heart Can't,79,0.753,0.68,5,-7.092,0,0.0349,0.326,4.15e-05,0.423,0.192,105.977,audio_features,0kEZlJh4mK1QRfb3CT5LPk,spotify:track:0kEZlJh4mK1QRfb3CT5LPk,https://api.spotify.com/v1/tracks/0kEZlJh4mK1QRfb3CT5LPk,https://api.spotify.com/v1/audio-analysis/0kEZlJh4mK1QRfb3CT5LPk,4,1
spotify:track:1tm7c4V0kqLiN0XPVnoUcT,Runnin' Thru the 7th with My Woadies,$uicideboy$,84,"['dark trap', 'new orleans rap', 'underground hip hop']",$outh $ide $uicide,75,0.686,0.621,11,-7.243,1,0.187,0.0656,0.000221,0.139,0.187,112.082,audio_features,1tm7c4V0kqLiN0XPVnoUcT,spotify:track:1tm7c4V0kqLiN0XPVnoUcT,https://api.spotify.com/v1/tracks/1tm7c4V0kqLiN0XPVnoUcT,https://api.spotify.com/v1/audio-analysis/1tm7c4V0kqLiN0XPVnoUcT,4,1
spotify:track:6QFQqqYye5lAcnhCALvxKJ,My Flaws Burn Through My Skin Like Demonic Flames from Hell,$uicideboy$,84,"['dark trap', 'new orleans rap', 'underground hip hop']",I No Longer Fear the Razor Guarding My Heel,74,0.78,0.748,11,-7.394,0,0.0352,0.00448,0.000546,0.115,0.0663,125.98,audio_features,6QFQqqYye5lAcnhCALvxKJ,spotify:track:6QFQqqYye5lAcnhCALvxKJ,https://api.spotify.com/v1/tracks/6QFQqqYye5lAcnhCALvxKJ,https://api.spotify.com/v1/audio-analysis/6QFQqqYye5lAcnhCALvxKJ,4,1
spotify:track:0TtvdE2beN4abriNlNBlpJ,Mega Zeph,$uicideboy$,84,"['dark trap', 'new orleans rap', 'underground hip hop']",Stop Staring At the Shadows,56,0.835,0.598,1,-5.182,1,0.073,0.0144,0,0.16,0.0733,110.027,audio_features,0TtvdE2beN4abriNlNBlpJ,spotify:track:0TtvdE2beN4abriNlNBlpJ,https://api.spotify.com/v1/tracks/0TtvdE2beN4abriNlNBlpJ,https://api.spotify.com/v1/audio-analysis/0TtvdE2beN4abriNlNBlpJ,4,1
spotify:track:1Fy64jklSy06F9KuP4zHIs,BREAKDALAW2k16,$uicideboy$,84,"['dark trap', 'new orleans rap', 'underground hip hop']",Eternal Grey,57,0.761,0.684,1,-8.797,1,0.0821,0.00766,0,0.117,0.184,87.017,audio_features,1Fy64jklSy06F9KuP4zHIs,spotify:track:1Fy64jklSy06F9KuP4zHIs,https://api.spotify.com/v1/tracks/1Fy64jklSy06F9KuP4zHIs,https://api.spotify.com/v1/audio-analysis/1Fy64jklSy06F9KuP4zHIs,4,1
spotify:track:0U8YtUWTQu79hBYjixcjfe,Uglier,$uicideboy$,84,"['dark trap', 'new orleans rap', 'underground hip hop']",Eternal Grey,56,0.651,0.504,1,-7.107,1,0.256,0.249,1.45e-05,0.168,0.0843,181.974,audio_features,0U8YtUWTQu79hBYjixcjfe,spotify:track:0U8YtUWTQu79hBYjixcjfe,https://api.spotify.com/v1/tracks/0U8YtUWTQu79hBYjixcjfe,https://api.spotify.com/v1/audio-analysis/0U8YtUWTQu79hBYjixcjfe,4,1
spotify:track:67mtN6BlsJR0LVyzvNZnGt,Tonight's Da Night,Redman,63,"['east coast hip hop', 'gangster rap', 'hardcore hip hop', 'hip hop', 'new jersey rap', 'rap', 'southern hip hop', 'wu fam']",Whut? Thee Album,62,0.697,0.687,6,-11.111,1,0.379,0.26,4.8e-05,0.403,0.866,90.247,audio_features,67mtN6BlsJR0LVyzvNZnGt,spotify:track:67mtN6BlsJR0LVyzvNZnGt,https://api.spotify.com/v1/tracks/67mtN6BlsJR0LVyzvNZnGt,https://api.spotify.com/v1/audio-analysis/67mtN6BlsJR0LVyzvNZnGt,4,1
spotify:track:33ZXjLCpiINn8eQIDYEPTD,"Shook Ones, Pt. II",Mobb Deep,65,"['east coast hip hop', 'gangster rap', 'hardcore hip hop', 'hip hop', 'queens hip hop', 'rap']",The Infamous,75,0.763,0.786,10,-6.472,0,0.229,0.0146,0.0114,0.0817,0.504,93.857,audio_features,33ZXjLCpiINn8eQIDYEPTD,spotify:track:33ZXjLCpiINn8eQIDYEPTD,https://api.spotify.com/v1/tracks/33ZXjLCpiINn8eQIDYEPTD,https://api.spotify.com/v1/audio-analysis/33ZXjLCpiINn8eQIDYEPTD,4,1
spotify:track:7iXF2W9vKmDoGAhlHdpyIa,Forgot About Dre,Dr. Dre,78,"['g funk', 'gangster rap', 'hip hop', 'rap', 'west coast rap']",2001,79,0.924,0.74,8,-1.299,1,0.0774,0.0827,0,0.163,0.621,133.974,audio_features,7iXF2W9vKmDoGAhlHdpyIa,spotify:track:7iXF2W9vKmDoGAhlHdpyIa,https://api.spotify.com/v1/tracks/7iXF2W9vKmDoGAhlHdpyIa,https://api.spotify.com/v1/audio-analysis/7iXF2W9vKmDoGAhlHdpyIa,4,1
spotify:track:02kDW379Yfd5PzW5A6vuGt,Lemonade,Internet Money,71,"['pop rap', 'rap', 'trap', 'viral rap']","Lemonade (feat. Gunna, Don Toliver & NAV)",74,0.799,0.66,1,-6.153,0,0.079,0.256,0,0.111,0.471,140.04,audio_features,02kDW379Yfd5PzW5A6vuGt,spotify:track:02kDW379Yfd5PzW5A6vuGt,https://api.spotify.com/v1/tracks/02kDW379Yfd5PzW5A6vuGt,https://api.spotify.com/v1/audio-analysis/02kDW379Yfd5PzW5A6vuGt,4,1
spotify:track:3B54sVLJ402zGa6Xm4YGNe,Unforgettable,French Montana,74,"['gangster rap', 'hip hop', 'pop rap', 'rap', 'southern hip hop', 'trap']",Jungle Rules,80,0.726,0.769,6,-5.043,1,0.123,0.0293,0.0101,0.104,0.733,97.985,audio_features,3B54sVLJ402zGa6Xm4YGNe,spotify:track:3B54sVLJ402zGa6Xm4YGNe,https://api.spotify.com/v1/tracks/3B54sVLJ402zGa6Xm4YGNe,https://api.spotify.com/v1/audio-analysis/3B54sVLJ402zGa6Xm4YGNe,4,1
spotify:track:0VjIjW4GlUZAMYd2vXMi3b,Blinding Lights,The Weeknd,93,"['canadian contemporary r&b', 'canadian pop', 'pop']",After Hours,90,0.514,0.73,1,-5.934,1,0.0598,0.00146,9.54e-05,0.0897,0.334,171.005,audio_features,0VjIjW4GlUZAMYd2vXMi3b,spotify:track:0VjIjW4GlUZAMYd2vXMi3b,https://api.spotify.com/v1/tracks/0VjIjW4GlUZAMYd2vXMi3b,https://api.spotify.com/v1/audio-analysis/0VjIjW4GlUZAMYd2vXMi3b,4,1
spotify:track:2K9Ovn1o2bTGqbsABGC6m3,Too Late,The Weeknd,93,"['canadian contemporary r&b', 'canadian pop', 'pop']",After Hours,68,0.638,0.863,4,-5.221,0,0.132,0.052,5.46e-05,0.685,0.226,120.077,audio_features,2K9Ovn1o2bTGqbsABGC6m3,spotify:track:2K9Ovn1o2bTGqbsABGC6m3,https://api.spotify.com/v1/tracks/2K9Ovn1o2bTGqbsABGC6m3,https://api.spotify.com/v1/audio-analysis/2K9Ovn1o2bTGqbsABGC6m3,4,1
spotify:track:36YCdzT57us0LhDmCYtrNE,Rockin’,The Weeknd,93,"['canadian contemporary r&b', 'canadian pop', 'pop']",Starboy,68,0.738,0.885,9,-5.547,0,0.206,0.0133,0,0.0821,0.752,112.878,audio_features,36YCdzT57us0LhDmCYtrNE,spotify:track:36YCdzT57us0LhDmCYtrNE,https://api.spotify.com/v1/tracks/36YCdzT57us0LhDmCYtrNE,https://api.spotify.com/v1/audio-analysis/36YCdzT57us0LhDmCYtrNE,4,1
spotify:track:0tGYLBUA9Odbv6n2yF61iW,Kiss Land,The Weeknd,93,"['canadian contemporary r&b', 'canadian pop', 'pop']",Kiss Land,33,0.228,0.88,11,-5.682,0,0.189,0.0628,0,0.0635,0.418,75.031,audio_features,0tGYLBUA9Odbv6n2yF61iW,spotify:track:0tGYLBUA9Odbv6n2yF61iW,https://api.spotify.com/v1/tracks/0tGYLBUA9Odbv6n2yF61iW,https://api.spotify.com/v1/audio-analysis/0tGYLBUA9Odbv6n2yF61iW,4,1
spotify:track:2gOEWbtEzHtpHb9fywSEiw,Professional,The Weeknd,93,"['canadian contemporary r&b', 'canadian pop', 'pop']",Kiss Land,46,0.405,0.619,11,-8.92,0,0.0618,0.163,0.000322,0.0788,0.234,120.087,audio_features,2gOEWbtEzHtpHb9fywSEiw,spotify:track:2gOEWbtEzHtpHb9fywSEiw,https://api.spotify.com/v1/tracks/2gOEWbtEzHtpHb9fywSEiw,https://api.spotify.com/v1/audio-analysis/2gOEWbtEzHtpHb9fywSEiw,4,1
spotify:track:2jst5B18Q3PN3rwwIfnAgp,Belong To The World,The Weeknd,93,"['canadian contemporary r&b', 'canadian pop', 'pop']",Kiss Land,44,0.503,0.858,5,-6.27,0,0.0578,0.00392,0,0.119,0.361,121.007,audio_features,2jst5B18Q3PN3rwwIfnAgp,spotify:track:2jst5B18Q3PN3rwwIfnAgp,https://api.spotify.com/v1/tracks/2jst5B18Q3PN3rwwIfnAgp,https://api.spotify.com/v1/audio-analysis/2jst5B18Q3PN3rwwIfnAgp,4,1
spotify:track:3RB6zxrgPQBUxpTtoMW60r,The Town,The Weeknd,93,"['canadian contemporary r&b', 'canadian pop', 'pop']",Kiss Land,46,0.625,0.523,1,-8.227,0,0.0369,0.366,2.54e-06,0.0826,0.191,139.964,audio_features,3RB6zxrgPQBUxpTtoMW60r,spotify:track:3RB6zxrgPQBUxpTtoMW60r,https://api.spotify.com/v1/tracks/3RB6zxrgPQBUxpTtoMW60r,https://api.spotify.com/v1/audio-analysis/3RB6zxrgPQBUxpTtoMW60r,4,1
spotify:track:4TgYcx5TPQF7xC79b6v4hP,Tears In The Rain,The Weeknd,93,"['canadian contemporary r&b', 'canadian pop', 'pop']",Kiss Land,47,0.655,0.636,1,-7.841,1,0.0452,0.109,0.23,0.0842,0.191,160.01,audio_features,4TgYcx5TPQF7xC79b6v4hP,spotify:track:4TgYcx5TPQF7xC79b6v4hP,https://api.spotify.com/v1/tracks/4TgYcx5TPQF7xC79b6v4hP,https://api.spotify.com/v1/audio-analysis/4TgYcx5TPQF7xC79b6v4hP,4,1
spotify:track:4LD5dhQ3kqpqe14sGPDtBC,Scream,Michael Jackson,81,"['pop', 'r&b', 'soul']","HIStory - PAST, PRESENT AND FUTURE - BOOK I",57,0.805,0.942,0,-6.584,1,0.0905,0.0745,1.46e-05,0.415,0.608,106.525,audio_features,4LD5dhQ3kqpqe14sGPDtBC,spotify:track:4LD5dhQ3kqpqe14sGPDtBC,https://api.spotify.com/v1/tracks/4LD5dhQ3kqpqe14sGPDtBC,https://api.spotify.com/v1/audio-analysis/4LD5dhQ3kqpqe14sGPDtBC,4,1
spotify:track:1hu2s7qkm5bo03eODpRQO3,Wanna Be Startin' Somethin',Michael Jackson,81,"['pop', 'r&b', 'soul']",Thriller,57,0.842,0.872,9,-8.234,1,0.0455,0.0259,0.419,0.0573,0.906,122.111,audio_features,1hu2s7qkm5bo03eODpRQO3,spotify:track:1hu2s7qkm5bo03eODpRQO3,https://api.spotify.com/v1/tracks/1hu2s7qkm5bo03eODpRQO3,https://api.spotify.com/v1/audio-analysis/1hu2s7qkm5bo03eODpRQO3,4,1
spotify:track:46eu3SBuFCXWsPT39Yg3tJ,Don't Stop 'Til You Get Enough,Michael Jackson,81,"['pop', 'r&b', 'soul']",Off the Wall,75,0.878,0.821,11,-9.875,1,0.089,0.126,0.0461,0.183,0.947,118.881,audio_features,46eu3SBuFCXWsPT39Yg3tJ,spotify:track:46eu3SBuFCXWsPT39Yg3tJ,https://api.spotify.com/v1/tracks/46eu3SBuFCXWsPT39Yg3tJ,https://api.spotify.com/v1/audio-analysis/46eu3SBuFCXWsPT39Yg3tJ,4,1
spotify:track:78XG7U0UueeC86XpzF9O7f,Get on the Floor,Michael Jackson,81,"['pop', 'r&b', 'soul']",Off the Wall,51,0.809,0.892,0,-11.443,1,0.0437,0.0629,0.344,0.0334,0.89,124.435,audio_features,78XG7U0UueeC86XpzF9O7f,spotify:track:78XG7U0UueeC86XpzF9O7f,https://api.spotify.com/v1/tracks/78XG7U0UueeC86XpzF9O7f,https://api.spotify.com/v1/audio-analysis/78XG7U0UueeC86XpzF9O7f,4,1
